projectid;CURRENT.DATE;simulationid;DevStage;TSUM;Yield;LAI;InterceptedPar
TestProject;01.01.1987;TestProject_00__TESTSIMULATION;0.0;0.0;0.0;0.0;0.0
TestProject;02.01.1987;TestProject_00__TESTSIMULATION;0.0;0.0;0.0;0.0;0.0
TestProject;03.01.1987;TestProject_00__TESTSIMULATION;0.0;0.0;0.0;0.0;0.0
TestProject;04.01.1987;TestProject_00__TESTSIMULATION;0.0;0.0;0.0;0.0;0.0
TestProject;05.01.1987;TestProject_00__TESTSIMULATION;0.0;0.0;0.0;0.0;0.0
TestProject;06.01.1987;TestProject_00__TESTSIMULATION;0.0;0.0;0.0;0.0;0.0
TestProject;07.01.1987;TestProject_00__TESTSIMULATION;0.0;0.0;0.0;0.0;0.0
TestProject;08.01.1987;TestProject_00__TESTSIMULATION;0.0;0.0;0.0;0.0;0.0
TestProject;09.01.1987;TestProject_00__TESTSIMULATION;0.0;0.0;0.0;0.0;0.0
TestProject;10.01.1987;TestProject_00__TESTSIMULATION;0.0;0.0;0.0;0.0;0.0
TestProject;11.01.1987;TestProject_00__TESTSIMULATION;0.0;0.0;0.0;0.0;0.0
TestProject;12.01.1987;TestProject_00__TESTSIMULATION;0.0;0.0;0.0;0.0;0.0
TestProject;13.01.1987;TestProject_00__TESTSIMULATION;0.0;0.0;0.0;0.0;0.0
TestProject;14.01.1987;TestProject_00__TESTSIMULATION;0.0;0.0;0.0;0.0;0.0
TestProject;15.01.1987;TestProject_00__TESTSIMULATION;0.0;0.0;0.0;0.0;0.0
TestProject;16.01.1987;TestProject_00__TESTSIMULATION;0.0;0.0;0.0;0.0;0.0
TestProject;17.01.1987;TestProject_00__TESTSIMULATION;0.0;0.0;0.0;0.0;0.0
TestProject;18.01.1987;TestProject_00__TESTSIMULATION;0.0;0.0;0.0;0.0;0.0
TestProject;19.01.1987;TestProject_00__TESTSIMULATION;0.0;0.0;0.0;0.0;0.0
TestProject;20.01.1987;TestProject_00__TESTSIMULATION;0.0;0.0;0.0;0.0;0.0
TestProject;21.01.1987;TestProject_00__TESTSIMULATION;0.0;0.0;0.0;0.0;0.0
TestProject;22.01.1987;TestProject_00__TESTSIMULATION;0.0;0.0;0.0;0.0;0.0
TestProject;23.01.1987;TestProject_00__TESTSIMULATION;0.0;0.0;0.0;0.0;0.0
TestProject;24.01.1987;TestProject_00__TESTSIMULATION;0.0;0.0;0.0;0.0;0.0
TestProject;25.01.1987;TestProject_00__TESTSIMULATION;0.0;0.0;0.0;0.0;0.0
TestProject;26.01.1987;TestProject_00__TESTSIMULATION;0.0;0.0;0.0;0.0;0.0
TestProject;27.01.1987;TestProject_00__TESTSIMULATION;0.0;0.0;0.0;0.0;0.0
TestProject;28.01.1987;TestProject_00__TESTSIMULATION;0.0;0.0;0.0;0.0;0.0
TestProject;29.01.1987;TestProject_00__TESTSIMULATION;0.0;0.0;0.0;0.0;0.0
TestProject;30.01.1987;TestProject_00__TESTSIMULATION;0.0;0.0;0.0;0.0;0.0
TestProject;31.01.1987;TestProject_00__TESTSIMULATION;0.0;0.0;0.0;0.0;0.0
TestProject;01.02.1987;TestProject_00__TESTSIMULATION;0.0;0.0;0.0;0.0;0.0
TestProject;02.02.1987;TestProject_00__TESTSIMULATION;0.0;0.0;0.0;0.0;0.0
TestProject;03.02.1987;TestProject_00__TESTSIMULATION;0.0;0.0;0.0;0.0;0.0
TestProject;04.02.1987;TestProject_00__TESTSIMULATION;0.0;0.0;0.0;0.0;0.0
TestProject;05.02.1987;TestProject_00__TESTSIMULATION;0.0;0.0;0.0;0.0;0.0
TestProject;06.02.1987;TestProject_00__TESTSIMULATION;0.0;0.0;0.0;0.0;0.0
TestProject;07.02.1987;TestProject_00__TESTSIMULATION;0.0;0.0;0.0;0.0;0.0
TestProject;08.02.1987;TestProject_00__TESTSIMULATION;0.0;0.0;0.0;0.0;0.0
TestProject;09.02.1987;TestProject_00__TESTSIMULATION;0.0;0.0;0.0;0.0;0.0
TestProject;10.02.1987;TestProject_00__TESTSIMULATION;0.0;0.0;0.0;0.0;0.0
TestProject;11.02.1987;TestProject_00__TESTSIMULATION;0.0;0.0;0.0;0.0;0.0
TestProject;12.02.1987;TestProject_00__TESTSIMULATION;0.0;0.0;0.0;0.0;0.0
TestProject;13.02.1987;TestProject_00__TESTSIMULATION;0.0;0.0;0.0;0.0;0.0
TestProject;14.02.1987;TestProject_00__TESTSIMULATION;0.0;0.0;0.0;0.0;0.0
TestProject;15.02.1987;TestProject_00__TESTSIMULATION;0.0;0.0;0.0;0.0;0.0
TestProject;16.02.1987;TestProject_00__TESTSIMULATION;0.0;0.0;0.0;0.0;0.0
TestProject;17.02.1987;TestProject_00__TESTSIMULATION;0.0;0.0;0.0;0.0;0.0
TestProject;18.02.1987;TestProject_00__TESTSIMULATION;0.0;0.0;0.0;0.0;0.0
TestProject;19.02.1987;TestProject_00__TESTSIMULATION;0.0;0.0;0.0;0.04835999999999999;0.2187829472545176
TestProject;20.02.1987;TestProject_00__TESTSIMULATION;0.0;0.0;0.0;0.04835999999999999;0.19161382308565594
TestProject;21.02.1987;TestProject_00__TESTSIMULATION;0.0;0.0;0.0;0.04835999999999999;0.08150737250658499
TestProject;22.02.1987;TestProject_00__TESTSIMULATION;0.0;0.0;0.0;0.04835999999999999;0.24166220971250635
TestProject;23.02.1987;TestProject_00__TESTSIMULATION;0.0012949640287769776;0.8999999999999995;0.0;0.04835999999999999;0.08293732641020929
TestProject;24.02.1987;TestProject_00__TESTSIMULATION;0.0012949640287769776;0.8999999999999995;0.0;0.04835999999999999;0.08865714202470648
TestProject;25.02.1987;TestProject_00__TESTSIMULATION;0.00906474820143885;6.3;0.0;0.05039202990398044;0.22634856414873916
TestProject;26.02.1987;TestProject_00__TESTSIMULATION;0.019568345323741007;13.600000000000001;0.0;0.05552609140824404;0.239197643272237
TestProject;27.02.1987;TestProject_00__TESTSIMULATION;0.028489208633093524;19.800000000000004;0.0;0.059236210914379084;0.2950531806409161
TestProject;28.02.1987;TestProject_00__TESTSIMULATION;0.04086330935251799;28.400000000000006;0.0;0.06781429583520464;0.35486000894311964
TestProject;01.03.1987;TestProject_00__TESTSIMULATION;0.05697841726618705;39.60000000000001;0.0;0.08380167754685759;0.426629204729363
TestProject;02.03.1987;TestProject_00__TESTSIMULATION;0.07438848920863309;51.70000000000001;0.0;0.10633484451404626;0.5191891435481751
TestProject;03.03.1987;TestProject_00__TESTSIMULATION;0.08906474820143884;61.900000000000006;0.0;0.12759651080476764;0.6154010620770947
TestProject;04.03.1987;TestProject_00__TESTSIMULATION;0.10417266187050359;72.4;0.0;0.15446584836875804;0.7302439947474046
TestProject;05.03.1987;TestProject_00__TESTSIMULATION;0.11971223021582733;83.2;0.0;0.18864992064180447;0.89895943090667
TestProject;06.03.1987;TestProject_00__TESTSIMULATION;0.13510791366906474;93.9;0.0;0.22972272214081227;1.0879913634283225
TestProject;07.03.1987;TestProject_00__TESTSIMULATION;0.15093525179856115;104.9;0.0;0.28221608199994996;1.27730942782414
TestProject;08.03.1987;TestProject_00__TESTSIMULATION;0.16460431654676258;114.4;0.0;0.33174713121564964;1.0378156171020867
TestProject;09.03.1987;TestProject_00__TESTSIMULATION;0.17928057553956833;124.60000000000001;0.0;0.39808001418591227;1.370402011707153
TestProject;10.03.1987;TestProject_00__TESTSIMULATION;0.19438848920863308;135.10000000000002;0.0;0.48190790423695984;1.6697897345378672
TestProject;11.03.1987;TestProject_00__TESTSIMULATION;0.21007194244604316;146.00000000000003;0.0;0.590289459402129;2.550011171513581
TestProject;12.03.1987;TestProject_00__TESTSIMULATION;0.22446043165467625;156.00000000000003;0.0;0.6947213732438382;2.3008650637245482
TestProject;13.03.1987;TestProject_00__TESTSIMULATION;0.23553956834532372;163.70000000000002;0.0;0.7643977635003008;2.207138258318837
TestProject;14.03.1987;TestProject_00__TESTSIMULATION;0.24820143884892085;172.50000000000003;0.0;0.8421472324224318;3.312181256528679
TestProject;15.03.1987;TestProject_00__TESTSIMULATION;0.259568345323741;180.40000000000003;0.0;0.8996292632312816;3.2952646333328866
TestProject;16.03.1987;TestProject_00__TESTSIMULATION;0.2697841726618705;187.50000000000003;0.0;0.9299238063939675;3.805828755463088
TestProject;17.03.1987;TestProject_00__TESTSIMULATION;0.28028776978417264;194.80000000000004;0.0;1.0148893344183842;4.355462701729389
TestProject;18.03.1987;TestProject_00__TESTSIMULATION;0.2892086330935252;201.00000000000003;0.0;1.0148893344183842;4.1046245356612046
TestProject;19.03.1987;TestProject_00__TESTSIMULATION;0.298273381294964;207.30000000000004;0.0;1.0148893344183842;3.397716976741775
TestProject;20.03.1987;TestProject_00__TESTSIMULATION;0.3093525179856115;215.00000000000003;0.0;1.1008048875903005;4.42309361767594
TestProject;21.03.1987;TestProject_00__TESTSIMULATION;0.3210071942446043;223.10000000000002;0.0;1.2515550669854973;4.726262109266493
TestProject;22.03.1987;TestProject_00__TESTSIMULATION;0.32776978417266184;227.8;0.0;1.2515550669854973;5.095913894348789
TestProject;23.03.1987;TestProject_00__TESTSIMULATION;0.3362589928057554;233.70000000000002;0.0;1.2515550669854973;4.937491700742091
TestProject;24.03.1987;TestProject_00__TESTSIMULATION;0.3450359712230216;239.8;0.0;1.2515550669854973;3.3004623668062103
TestProject;25.03.1987;TestProject_00__TESTSIMULATION;0.3549640287769784;246.70000000000002;0.0;1.2796495148428642;2.1438496247786407
TestProject;26.03.1987;TestProject_00__TESTSIMULATION;0.3643165467625899;253.20000000000002;0.0;1.3248515787323016;4.496704099595285
TestProject;27.03.1987;TestProject_00__TESTSIMULATION;0.3807194244604316;264.6;0.0;1.4886548199984206;4.223171350353713
TestProject;28.03.1987;TestProject_00__TESTSIMULATION;0.39582733812949633;275.1;0.0;1.6386112128794654;4.600185140766408
TestProject;29.03.1987;TestProject_00__TESTSIMULATION;0.41021582733812945;285.1;0.0;1.7908384149298961;6.782885721015707
TestProject;30.03.1987;TestProject_00__TESTSIMULATION;0.41913669064748194;291.3;0.0;1.8665949263520858;7.276026534756757
TestProject;31.03.1987;TestProject_00__TESTSIMULATION;0.4271942446043165;296.90000000000003;0.0;1.8665949263520858;6.501264450037287
TestProject;01.04.1987;TestProject_00__TESTSIMULATION;0.43640287769784164;303.3;0.0;1.8665949263520858;7.107599994600351
TestProject;02.04.1987;TestProject_00__TESTSIMULATION;0.44589928057553946;309.90000000000003;0.0;1.8665949263520858;4.783313740441941
TestProject;03.04.1987;TestProject_00__TESTSIMULATION;0.4551079136690646;316.3;0.0;1.9633304923330963;2.8722380910889846
TestProject;04.04.1987;TestProject_00__TESTSIMULATION;0.4597122302158272;319.5;0.0;1.97253792101922;3.1914883903215667
TestProject;05.04.1987;TestProject_00__TESTSIMULATION;0.4648920863309351;323.1;0.0;1.9748253580700816;3.1934201933405175
TestProject;06.04.1987;TestProject_00__TESTSIMULATION;0.4769784172661869;331.5;0.0;2.049304476242262;4.9530979330340035
TestProject;07.04.1987;TestProject_00__TESTSIMULATION;0.49395683453237393;343.3;0.0;2.1944717774334177;5.782619539095411
TestProject;08.04.1987;TestProject_00__TESTSIMULATION;0.510935251798561;355.1;0.0;2.3590265436339943;5.7166743052153475
TestProject;09.04.1987;TestProject_00__TESTSIMULATION;0.528776978417266;367.5;0.0;2.515351513139127;8.684909329400947
TestProject;10.04.1987;TestProject_00__TESTSIMULATION;0.5441726618705034;378.2;0.0;2.7315121147114314;7.816336376012214
TestProject;11.04.1987;TestProject_00__TESTSIMULATION;0.5542446043165465;385.2;0.0;2.816995358794791;8.15516862487921
TestProject;12.04.1987;TestProject_00__TESTSIMULATION;0.5654676258992803;393.0;0.0;2.9128636952148903;9.579617437246322
TestProject;13.04.1987;TestProject_00__TESTSIMULATION;0.5798561151079135;403.0;0.0;3.141135797750709;10.17747086485037
TestProject;14.04.1987;TestProject_00__TESTSIMULATION;0.5962589928057552;414.4;0.0;3.3743722114093706;10.762659718482796
TestProject;15.04.1987;TestProject_00__TESTSIMULATION;0.6129496402877697;426.0;0.0;3.6099291947931946;9.827494754744404
TestProject;16.04.1987;TestProject_00__TESTSIMULATION;0.6297841726618704;437.7;0.0;3.814821091997941;10.424007534093814
TestProject;17.04.1987;TestProject_00__TESTSIMULATION;0.6457553956834531;448.8;0.0;4.0213634351873;11.517033794602673
TestProject;18.04.1987;TestProject_00__TESTSIMULATION;0.6612949640287769;459.6;0.0;4.237747870799703;11.793180403286225
TestProject;19.04.1987;TestProject_00__TESTSIMULATION;0.6784172661870502;471.5;0.0;4.4414314226078835;10.6529749127331
TestProject;20.04.1987;TestProject_00__TESTSIMULATION;0.6964028776978416;484.0;0.0;4.606751740293753;11.571506767777953
TestProject;21.04.1987;TestProject_00__TESTSIMULATION;0.7159712230215826;497.6;0.0;4.769215181804196;4.808375589289453
TestProject;22.04.1987;TestProject_00__TESTSIMULATION;0.7349640287769782;510.8;0.0;4.81267312504343;10.812125768911798
TestProject;23.04.1987;TestProject_00__TESTSIMULATION;0.7572661870503595;526.3;0.0;4.931719755692113;5.309532985269026
TestProject;24.04.1987;TestProject_00__TESTSIMULATION;0.7765467625899278;539.6999999999999;0.0;4.963778869898515;11.152149216058147
TestProject;25.04.1987;TestProject_00__TESTSIMULATION;0.7916546762589926;550.1999999999999;0.0;5.053447918520622;12.373194750622392
TestProject;26.04.1987;TestProject_00__TESTSIMULATION;0.806618705035971;560.5999999999999;0.0;5.121707232312081;10.395537387595743
TestProject;27.04.1987;TestProject_00__TESTSIMULATION;0.8267625899280573;574.5999999999999;0.0;5.186609831386413;11.65693700185393
TestProject;28.04.1987;TestProject_00__TESTSIMULATION;0.8457553956834529;587.8;0.0;5.252739007066486;11.534479775908409
TestProject;29.04.1987;TestProject_00__TESTSIMULATION;0.864028776978417;600.5;0.0;5.306120404300374;12.413439767800401
TestProject;30.04.1987;TestProject_00__TESTSIMULATION;0.8825899280575537;613.4;0.0;5.355876919325095;9.837800756586166
TestProject;01.05.1987;TestProject_00__TESTSIMULATION;0.9004316546762587;625.8;0.0;5.375907241936775;13.059615606269398
TestProject;02.05.1987;TestProject_00__TESTSIMULATION;0.922302158273381;641.0;0.0;5.420088329158038;13.025687002843238
TestProject;03.05.1987;TestProject_00__TESTSIMULATION;0.9430215827338126;655.4;0.0;5.463145802609767;10.873901507271244
TestProject;04.05.1987;TestProject_00__TESTSIMULATION;0.9663309352517983;671.6;0.0;5.4884283238352705;13.672610033494946
TestProject;05.05.1987;TestProject_00__TESTSIMULATION;0.9882014388489205;686.8000000000001;3.288017930963901;5.531936072668236;13.252481640470917
TestProject;06.05.1987;TestProject_00__TESTSIMULATION;1.0034532374100715;697.4000000000001;10.842878684607827;5.566103385053065;13.793080210370592
TestProject;07.05.1987;TestProject_00__TESTSIMULATION;1.0164764932240251;708.6000000000001;19.70749939210254;5.461708453645094;14.193329618774332
TestProject;08.05.1987;TestProject_00__TESTSIMULATION;1.03170905136356;721.7000000000002;33.887860353974006;5.366172940921385;13.488465109534873
TestProject;09.05.1987;TestProject_00__TESTSIMULATION;1.0465927722937927;734.5000000000001;50.451950947774066;5.267591243922396;12.73605057930579
TestProject;10.05.1987;TestProject_00__TESTSIMULATION;1.062988121131002;748.6000000000001;68.9409883849759;5.1549196425734225;11.741975562728099
TestProject;11.05.1987;TestProject_00__TESTSIMULATION;1.0797323071775136;763.0000000000001;88.88024004987756;5.034524466996776;12.508722450716446
TestProject;12.05.1987;TestProject_00__TESTSIMULATION;1.096941609503095;777.8000000000001;113.2693523737315;4.916805805432847;13.50422145285788
TestProject;13.05.1987;TestProject_00__TESTSIMULATION;1.1134532374100718;792.0000000000001;143.09220892724906;4.809021233871771;13.69043975884208
TestProject;14.05.1987;TestProject_00__TESTSIMULATION;1.1277555629914673;804.3000000000001;178.107718147922;4.707697928297811;13.451562808231387
TestProject;15.05.1987;TestProject_00__TESTSIMULATION;1.1426392839216999;817.1;216.84942216368964;4.59519392418771;13.017703855308982
TestProject;16.05.1987;TestProject_00__TESTSIMULATION;1.1560113769449556;828.6;258.70946729139956;4.482421256943738;7.130426557190336
TestProject;17.05.1987;TestProject_00__TESTSIMULATION;1.1694997490379788;840.2;283.7877581972225;4.34938000563066;7.226217153063099
TestProject;18.05.1987;TestProject_00__TESTSIMULATION;1.1812439350844905;850.3000000000001;310.03346929017073;4.223854055816711;9.851316277923184
TestProject;19.05.1987;TestProject_00__TESTSIMULATION;1.195546260665886;862.6;350.2851389723868;4.088550561330092;12.932762085759
TestProject;20.05.1987;TestProject_00__TESTSIMULATION;1.2114764932240256;876.3000000000001;407.2972285345528;3.943388863013921;12.91260513792175
TestProject;21.05.1987;TestProject_00__TESTSIMULATION;1.2282206792705372;890.7;465.5169363097407;3.796694797309803;12.565178500001718
TestProject;22.05.1987;TestProject_00__TESTSIMULATION;1.2472904467123977;907.1;522.1701842484377;3.6453332313903855;9.18841368845913
TestProject;23.05.1987;TestProject_00__TESTSIMULATION;1.2601974234565838;918.2;563.5984440105669;3.5257663014007807;8.970106058246756
TestProject;24.05.1987;TestProject_00__TESTSIMULATION;1.2758950978751884;931.7;603.8957695260722;3.3988387145503527;10.221097723044954
TestProject;25.05.1987;TestProject_00__TESTSIMULATION;1.2908950978751883;944.6;649.5558378236437;3.2791995917981804;7.784781287321366
TestProject;26.05.1987;TestProject_00__TESTSIMULATION;1.3054299815961186;957.1;684.145104592637;3.1655206726158434;11.606984059990143
TestProject;27.05.1987;TestProject_00__TESTSIMULATION;1.321592772293793;971.0;735.4466919374295;3.0498736507096114;9.571146688027277
TestProject;28.05.1987;TestProject_00__TESTSIMULATION;1.3377555629914675;984.9;777.5021074129015;2.938451600003687;11.888726295015545
TestProject;29.05.1987;TestProject_00__TESTSIMULATION;1.3550811443868163;999.8;829.4328727054439;2.827182232750214;12.045454859337495
TestProject;30.05.1987;TestProject_00__TESTSIMULATION;1.3725230048519326;1014.8;881.7136785478938;2.7197493079057056;10.658730350681575
TestProject;31.05.1987;TestProject_00__TESTSIMULATION;1.392871842061235;1032.3;927.677662114751;2.6073330031789363;10.794235109818844
TestProject;01.06.1987;TestProject_00__TESTSIMULATION;1.412871842061235;1049.5;973.8738636204813;2.500606172248812;11.693112223145445
TestProject;02.06.1987;TestProject_00__TESTSIMULATION;1.4334532374100721;1067.2;1023.5420918017688;2.3965809554832616;11.515044107850231
TestProject;03.06.1987;TestProject_00__TESTSIMULATION;1.4543834699682117;1085.2;1072.0740188608936;2.2959245553529644;11.404034142040198
TestProject;04.06.1987;TestProject_00__TESTSIMULATION;1.475778818805421;1103.6000000000001;1119.7554321974342;2.1982712309319514;11.35510570950402
TestProject;05.06.1987;TestProject_00__TESTSIMULATION;1.4979881211310024;1122.7;1166.8428006926702;2.102719708094109;11.074690857363336
TestProject;06.06.1987;TestProject_00__TESTSIMULATION;1.5198485862472815;1141.5;1212.3730414204801;2.0121625793321893;10.655135654301834
TestProject;07.06.1987;TestProject_00__TESTSIMULATION;1.5425230048519327;1161.0;1255.291599718703;1.923627425841573;9.654028781811762
TestProject;08.06.1987;TestProject_00__TESTSIMULATION;1.5646160281077466;1180.0;1293.4693418129484;1.8402702373884383;10.194800282367039
TestProject;09.06.1987;TestProject_00__TESTSIMULATION;1.5819416095030954;1194.9;1332.9731955112081;1.7705853377326628;10.077110437321158
TestProject;10.06.1987;TestProject_00__TESTSIMULATION;1.596360214154258;1207.3000000000002;1371.3912599687035;1.7094411240696281;9.9102779451164
TestProject;11.06.1987;TestProject_00__TESTSIMULATION;1.6120578885728627;1220.8000000000002;1408.6578779578438;1.6479012436031215;9.482122083560968
TestProject;12.06.1987;TestProject_00__TESTSIMULATION;1.6291509118286767;1235.5000000000002;1443.7775661849103;1.5859401568436442;9.054485195543375
TestProject;13.06.1987;TestProject_00__TESTSIMULATION;1.647406725782165;1251.2000000000003;1476.7551316579204;1.5241942200705316;7.7008725182703675
TestProject;14.06.1987;TestProject_00__TESTSIMULATION;1.6665927722937928;1267.7000000000003;1504.2955781711769;1.4632264512677104;8.034950530144789
TestProject;15.06.1987;TestProject_00__TESTSIMULATION;1.6843834699682114;1283.0000000000002;1532.4747286305653;1.4070385555390303;8.722664691022302
TestProject;16.06.1987;TestProject_00__TESTSIMULATION;1.6988020746193742;1295.4000000000003;1562.5059996892583;1.3584488240877493;8.639565832400965
TestProject;17.06.1987;TestProject_00__TESTSIMULATION;1.7164764932240253;1310.6000000000004;1591.8018438726372;1.3064655157526581;8.422217060880364
TestProject;18.06.1987;TestProject_00__TESTSIMULATION;1.7354299815961183;1326.9000000000003;1619.823751563678;1.2545552859267526;7.960287287397278
TestProject;19.06.1987;TestProject_00__TESTSIMULATION;1.7555462606658858;1344.2000000000003;1645.7645466613806;1.203034882184694;6.68373262696159
TestProject;20.06.1987;TestProject_00__TESTSIMULATION;1.775313702526351;1361.2000000000003;1666.9266575201607;1.1541114636425163;7.81967482276006
TestProject;21.06.1987;TestProject_00__TESTSIMULATION;1.7985695164798394;1381.2000000000003;1690.570297777777;1.1025611515998173;7.186543100690319
TestProject;22.06.1987;TestProject_00__TESTSIMULATION;1.8233369583403045;1402.5000000000002;1710.6749031343961;1.0514023141655857;5.918380008347527
TestProject;23.06.1987;TestProject_00__TESTSIMULATION;1.8476392839217;1423.4000000000003;1726.3675656644511;1.0031779946891908;6.806119278661666
TestProject;24.06.1987;TestProject_00__TESTSIMULATION;1.8719416095030954;1444.3000000000004;1743.1897176573782;0.9571655639994465;6.706426164722271
TestProject;25.06.1987;TestProject_00__TESTSIMULATION;1.895778818805421;1464.8000000000004;1758.6299271879043;0.9137740584314716;4.895756641230103
TestProject;26.06.1987;TestProject_00__TESTSIMULATION;1.9204299815961186;1486.0000000000005;1769.0639232625638;0.8714967786613755;5.700798856341657
TestProject;27.06.1987;TestProject_00__TESTSIMULATION;1.9463602141542582;1508.3000000000004;1780.102846785032;0.8298973324266059;5.844042635234094
TestProject;28.06.1987;TestProject_00__TESTSIMULATION;1.9734532374100722;1531.6000000000004;1790.1913891325823;0.7891770366488737;5.525764515174299
TestProject;29.06.1987;TestProject_00__TESTSIMULATION;2.0004299815961186;1554.8000000000004;1798.7217692190934;0.7505599736555222;3.915929290028032
TestProject;30.06.1987;TestProject_00__TESTSIMULATION;0.0;0.0;0.0;0.0;0.0
TestProject;01.07.1987;TestProject_00__TESTSIMULATION;0.0;0.0;0.0;0.0;0.0
TestProject;02.07.1987;TestProject_00__TESTSIMULATION;0.0;0.0;0.0;0.0;0.0
TestProject;03.07.1987;TestProject_00__TESTSIMULATION;0.0;0.0;0.0;0.0;0.0
TestProject;04.07.1987;TestProject_00__TESTSIMULATION;0.0;0.0;0.0;0.0;0.0
TestProject;05.07.1987;TestProject_00__TESTSIMULATION;0.0;0.0;0.0;0.0;0.0
TestProject;06.07.1987;TestProject_00__TESTSIMULATION;0.0;0.0;0.0;0.0;0.0
TestProject;07.07.1987;TestProject_00__TESTSIMULATION;0.0;0.0;0.0;0.0;0.0
TestProject;08.07.1987;TestProject_00__TESTSIMULATION;0.0;0.0;0.0;0.0;0.0
TestProject;09.07.1987;TestProject_00__TESTSIMULATION;0.0;0.0;0.0;0.0;0.0
TestProject;10.07.1987;TestProject_00__TESTSIMULATION;0.0;0.0;0.0;0.0;0.0
TestProject;11.07.1987;TestProject_00__TESTSIMULATION;0.0;0.0;0.0;0.0;0.0
TestProject;12.07.1987;TestProject_00__TESTSIMULATION;0.0;0.0;0.0;0.0;0.0
TestProject;13.07.1987;TestProject_00__TESTSIMULATION;0.0;0.0;0.0;0.0;0.0
TestProject;14.07.1987;TestProject_00__TESTSIMULATION;0.0;0.0;0.0;0.0;0.0
TestProject;15.07.1987;TestProject_00__TESTSIMULATION;0.0;0.0;0.0;0.0;0.0
TestProject;16.07.1987;TestProject_00__TESTSIMULATION;0.0;0.0;0.0;0.0;0.0
TestProject;17.07.1987;TestProject_00__TESTSIMULATION;0.0;0.0;0.0;0.0;0.0
TestProject;18.07.1987;TestProject_00__TESTSIMULATION;0.0;0.0;0.0;0.0;0.0
TestProject;19.07.1987;TestProject_00__TESTSIMULATION;0.0;0.0;0.0;0.0;0.0
TestProject;20.07.1987;TestProject_00__TESTSIMULATION;0.0;0.0;0.0;0.0;0.0
TestProject;21.07.1987;TestProject_00__TESTSIMULATION;0.0;0.0;0.0;0.0;0.0
TestProject;22.07.1987;TestProject_00__TESTSIMULATION;0.0;0.0;0.0;0.0;0.0
TestProject;23.07.1987;TestProject_00__TESTSIMULATION;0.0;0.0;0.0;0.0;0.0
TestProject;24.07.1987;TestProject_00__TESTSIMULATION;0.0;0.0;0.0;0.0;0.0
TestProject;25.07.1987;TestProject_00__TESTSIMULATION;0.0;0.0;0.0;0.0;0.0
TestProject;26.07.1987;TestProject_00__TESTSIMULATION;0.0;0.0;0.0;0.0;0.0
TestProject;27.07.1987;TestProject_00__TESTSIMULATION;0.0;0.0;0.0;0.0;0.0
TestProject;28.07.1987;TestProject_00__TESTSIMULATION;0.0;0.0;0.0;0.0;0.0
TestProject;29.07.1987;TestProject_00__TESTSIMULATION;0.0;0.0;0.0;0.0;0.0
TestProject;30.07.1987;TestProject_00__TESTSIMULATION;0.0;0.0;0.0;0.0;0.0
TestProject;31.07.1987;TestProject_00__TESTSIMULATION;0.0;0.0;0.0;0.0;0.0
TestProject;01.08.1987;TestProject_00__TESTSIMULATION;0.0;0.0;0.0;0.0;0.0
TestProject;02.08.1987;TestProject_00__TESTSIMULATION;0.0;0.0;0.0;0.0;0.0
TestProject;03.08.1987;TestProject_00__TESTSIMULATION;0.0;0.0;0.0;0.0;0.0
TestProject;04.08.1987;TestProject_00__TESTSIMULATION;0.0;0.0;0.0;0.0;0.0
TestProject;05.08.1987;TestProject_00__TESTSIMULATION;0.0;0.0;0.0;0.0;0.0
TestProject;06.08.1987;TestProject_00__TESTSIMULATION;0.0;0.0;0.0;0.0;0.0
TestProject;07.08.1987;TestProject_00__TESTSIMULATION;0.0;0.0;0.0;0.0;0.0
TestProject;08.08.1987;TestProject_00__TESTSIMULATION;0.0;0.0;0.0;0.0;0.0
TestProject;09.08.1987;TestProject_00__TESTSIMULATION;0.0;0.0;0.0;0.0;0.0
TestProject;10.08.1987;TestProject_00__TESTSIMULATION;0.0;0.0;0.0;0.0;0.0
TestProject;11.08.1987;TestProject_00__TESTSIMULATION;0.0;0.0;0.0;0.0;0.0
TestProject;12.08.1987;TestProject_00__TESTSIMULATION;0.0;0.0;0.0;0.0;0.0
TestProject;13.08.1987;TestProject_00__TESTSIMULATION;0.0;0.0;0.0;0.0;0.0
TestProject;14.08.1987;TestProject_00__TESTSIMULATION;0.0;0.0;0.0;0.0;0.0
TestProject;15.08.1987;TestProject_00__TESTSIMULATION;0.0;0.0;0.0;0.0;0.0
TestProject;16.08.1987;TestProject_00__TESTSIMULATION;0.0;0.0;0.0;0.0;0.0
TestProject;17.08.1987;TestProject_00__TESTSIMULATION;0.0;0.0;0.0;0.0;0.0
TestProject;18.08.1987;TestProject_00__TESTSIMULATION;0.0;0.0;0.0;0.0;0.0
TestProject;19.08.1987;TestProject_00__TESTSIMULATION;0.0;0.0;0.0;0.0;0.0
TestProject;20.08.1987;TestProject_00__TESTSIMULATION;0.0;0.0;0.0;0.0;0.0
TestProject;21.08.1987;TestProject_00__TESTSIMULATION;0.0;0.0;0.0;0.0;0.0
TestProject;22.08.1987;TestProject_00__TESTSIMULATION;0.0;0.0;0.0;0.0;0.0
TestProject;23.08.1987;TestProject_00__TESTSIMULATION;0.0;0.0;0.0;0.0;0.0
TestProject;24.08.1987;TestProject_00__TESTSIMULATION;0.0;0.0;0.0;0.0;0.0
TestProject;25.08.1987;TestProject_00__TESTSIMULATION;0.0;0.0;0.0;0.0;0.0
TestProject;26.08.1987;TestProject_00__TESTSIMULATION;0.0;0.0;0.0;0.0;0.0
TestProject;27.08.1987;TestProject_00__TESTSIMULATION;0.0;0.0;0.0;0.0;0.0
TestProject;28.08.1987;TestProject_00__TESTSIMULATION;0.0;0.0;0.0;0.0;0.0
TestProject;29.08.1987;TestProject_00__TESTSIMULATION;0.0;0.0;0.0;0.0;0.0
TestProject;30.08.1987;TestProject_00__TESTSIMULATION;0.0;0.0;0.0;0.0;0.0
TestProject;31.08.1987;TestProject_00__TESTSIMULATION;0.0;0.0;0.0;0.0;0.0
TestProject;01.09.1987;TestProject_00__TESTSIMULATION;0.0;0.0;0.0;0.0;0.0
TestProject;02.09.1987;TestProject_00__TESTSIMULATION;0.0;0.0;0.0;0.0;0.0
TestProject;03.09.1987;TestProject_00__TESTSIMULATION;0.0;0.0;0.0;0.0;0.0
TestProject;04.09.1987;TestProject_00__TESTSIMULATION;0.0;0.0;0.0;0.0;0.0
TestProject;05.09.1987;TestProject_00__TESTSIMULATION;0.0;0.0;0.0;0.0;0.0
TestProject;06.09.1987;TestProject_00__TESTSIMULATION;0.0;0.0;0.0;0.0;0.0
TestProject;07.09.1987;TestProject_00__TESTSIMULATION;0.0;0.0;0.0;0.0;0.0
TestProject;08.09.1987;TestProject_00__TESTSIMULATION;0.0;0.0;0.0;0.0;0.0
TestProject;09.09.1987;TestProject_00__TESTSIMULATION;0.0;0.0;0.0;0.0;0.0
TestProject;10.09.1987;TestProject_00__TESTSIMULATION;0.0;0.0;0.0;0.0;0.0
TestProject;11.09.1987;TestProject_00__TESTSIMULATION;0.0;0.0;0.0;0.0;0.0
TestProject;12.09.1987;TestProject_00__TESTSIMULATION;0.0;0.0;0.0;0.0;0.0
TestProject;13.09.1987;TestProject_00__TESTSIMULATION;0.0;0.0;0.0;0.0;0.0
TestProject;14.09.1987;TestProject_00__TESTSIMULATION;0.0;0.0;0.0;0.0;0.0
TestProject;15.09.1987;TestProject_00__TESTSIMULATION;0.0;0.0;0.0;0.0;0.0
TestProject;16.09.1987;TestProject_00__TESTSIMULATION;0.0;0.0;0.0;0.0;0.0
TestProject;17.09.1987;TestProject_00__TESTSIMULATION;0.0;0.0;0.0;0.0;0.0
TestProject;18.09.1987;TestProject_00__TESTSIMULATION;0.0;0.0;0.0;0.0;0.0
TestProject;19.09.1987;TestProject_00__TESTSIMULATION;0.0;0.0;0.0;0.0;0.0
TestProject;20.09.1987;TestProject_00__TESTSIMULATION;0.0;0.0;0.0;0.0;0.0
TestProject;21.09.1987;TestProject_00__TESTSIMULATION;0.0;0.0;0.0;0.0;0.0
TestProject;22.09.1987;TestProject_00__TESTSIMULATION;0.0;0.0;0.0;0.0;0.0
TestProject;23.09.1987;TestProject_00__TESTSIMULATION;0.0;0.0;0.0;0.0;0.0
TestProject;24.09.1987;TestProject_00__TESTSIMULATION;0.0;0.0;0.0;0.0;0.0
TestProject;25.09.1987;TestProject_00__TESTSIMULATION;0.0;0.0;0.0;0.0;0.0
TestProject;26.09.1987;TestProject_00__TESTSIMULATION;0.0;0.0;0.0;0.0;0.0
TestProject;27.09.1987;TestProject_00__TESTSIMULATION;0.0;0.0;0.0;0.0;0.0
TestProject;28.09.1987;TestProject_00__TESTSIMULATION;0.0;0.0;0.0;0.0;0.0
TestProject;29.09.1987;TestProject_00__TESTSIMULATION;0.0;0.0;0.0;0.0;0.0
TestProject;30.09.1987;TestProject_00__TESTSIMULATION;0.0;0.0;0.0;0.0;0.0
TestProject;01.10.1987;TestProject_00__TESTSIMULATION;0.0;0.0;0.0;0.0;0.0
TestProject;02.10.1987;TestProject_00__TESTSIMULATION;0.0;0.0;0.0;0.0;0.0
TestProject;03.10.1987;TestProject_00__TESTSIMULATION;0.0;0.0;0.0;0.0;0.0
TestProject;04.10.1987;TestProject_00__TESTSIMULATION;0.0;0.0;0.0;0.0;0.0
TestProject;05.10.1987;TestProject_00__TESTSIMULATION;0.0;0.0;0.0;0.0;0.0
TestProject;06.10.1987;TestProject_00__TESTSIMULATION;0.0;0.0;0.0;0.0;0.0
TestProject;07.10.1987;TestProject_00__TESTSIMULATION;0.0;0.0;0.0;0.0;0.0
TestProject;08.10.1987;TestProject_00__TESTSIMULATION;0.0;0.0;0.0;0.0;0.0
TestProject;09.10.1987;TestProject_00__TESTSIMULATION;0.0;0.0;0.0;0.0;0.0
TestProject;10.10.1987;TestProject_00__TESTSIMULATION;0.0;0.0;0.0;0.0;0.0
TestProject;11.10.1987;TestProject_00__TESTSIMULATION;0.0;0.0;0.0;0.0;0.0
TestProject;12.10.1987;TestProject_00__TESTSIMULATION;0.0;0.0;0.0;0.0;0.0
TestProject;13.10.1987;TestProject_00__TESTSIMULATION;0.0;0.0;0.0;0.0;0.0
TestProject;14.10.1987;TestProject_00__TESTSIMULATION;0.0;0.0;0.0;0.0;0.0
TestProject;15.10.1987;TestProject_00__TESTSIMULATION;0.0;0.0;0.0;0.0;0.0
TestProject;16.10.1987;TestProject_00__TESTSIMULATION;0.0;0.0;0.0;0.0;0.0
TestProject;17.10.1987;TestProject_00__TESTSIMULATION;0.0;0.0;0.0;0.0;0.0
TestProject;18.10.1987;TestProject_00__TESTSIMULATION;0.0;0.0;0.0;0.0;0.0
TestProject;19.10.1987;TestProject_00__TESTSIMULATION;0.0;0.0;0.0;0.0;0.0
TestProject;20.10.1987;TestProject_00__TESTSIMULATION;0.0;0.0;0.0;0.0;0.0
TestProject;21.10.1987;TestProject_00__TESTSIMULATION;0.0;0.0;0.0;0.0;0.0
TestProject;22.10.1987;TestProject_00__TESTSIMULATION;0.0;0.0;0.0;0.0;0.0
TestProject;23.10.1987;TestProject_00__TESTSIMULATION;0.0;0.0;0.0;0.0;0.0
TestProject;24.10.1987;TestProject_00__TESTSIMULATION;0.0;0.0;0.0;0.0;0.0
TestProject;25.10.1987;TestProject_00__TESTSIMULATION;0.0;0.0;0.0;0.0;0.0
TestProject;26.10.1987;TestProject_00__TESTSIMULATION;0.0;0.0;0.0;0.0;0.0
TestProject;27.10.1987;TestProject_00__TESTSIMULATION;0.0;0.0;0.0;0.0;0.0
TestProject;28.10.1987;TestProject_00__TESTSIMULATION;0.0;0.0;0.0;0.0;0.0
TestProject;29.10.1987;TestProject_00__TESTSIMULATION;0.0;0.0;0.0;0.0;0.0
TestProject;30.10.1987;TestProject_00__TESTSIMULATION;0.0;0.0;0.0;0.0;0.0
TestProject;31.10.1987;TestProject_00__TESTSIMULATION;0.0;0.0;0.0;0.0;0.0
TestProject;01.11.1987;TestProject_00__TESTSIMULATION;0.0;0.0;0.0;0.0;0.0
TestProject;02.11.1987;TestProject_00__TESTSIMULATION;0.0;0.0;0.0;0.0;0.0
TestProject;03.11.1987;TestProject_00__TESTSIMULATION;0.0;0.0;0.0;0.0;0.0
TestProject;04.11.1987;TestProject_00__TESTSIMULATION;0.0;0.0;0.0;0.0;0.0
TestProject;05.11.1987;TestProject_00__TESTSIMULATION;0.0;0.0;0.0;0.0;0.0
TestProject;06.11.1987;TestProject_00__TESTSIMULATION;0.0;0.0;0.0;0.0;0.0
TestProject;07.11.1987;TestProject_00__TESTSIMULATION;0.0;0.0;0.0;0.0;0.0
TestProject;08.11.1987;TestProject_00__TESTSIMULATION;0.0;0.0;0.0;0.0;0.0
TestProject;09.11.1987;TestProject_00__TESTSIMULATION;0.0;0.0;0.0;0.0;0.0
TestProject;10.11.1987;TestProject_00__TESTSIMULATION;0.0;0.0;0.0;0.0;0.0
TestProject;11.11.1987;TestProject_00__TESTSIMULATION;0.0;0.0;0.0;0.0;0.0
TestProject;12.11.1987;TestProject_00__TESTSIMULATION;0.0;0.0;0.0;0.0;0.0
TestProject;13.11.1987;TestProject_00__TESTSIMULATION;0.0;0.0;0.0;0.0;0.0
TestProject;14.11.1987;TestProject_00__TESTSIMULATION;0.0;0.0;0.0;0.0;0.0
TestProject;15.11.1987;TestProject_00__TESTSIMULATION;0.0;0.0;0.0;0.0;0.0
TestProject;16.11.1987;TestProject_00__TESTSIMULATION;0.0;0.0;0.0;0.0;0.0
TestProject;17.11.1987;TestProject_00__TESTSIMULATION;0.0;0.0;0.0;0.0;0.0
TestProject;18.11.1987;TestProject_00__TESTSIMULATION;0.0;0.0;0.0;0.0;0.0
TestProject;19.11.1987;TestProject_00__TESTSIMULATION;0.0;0.0;0.0;0.0;0.0
TestProject;20.11.1987;TestProject_00__TESTSIMULATION;0.0;0.0;0.0;0.0;0.0
TestProject;21.11.1987;TestProject_00__TESTSIMULATION;0.0;0.0;0.0;0.0;0.0
TestProject;22.11.1987;TestProject_00__TESTSIMULATION;0.0;0.0;0.0;0.0;0.0
TestProject;23.11.1987;TestProject_00__TESTSIMULATION;0.0;0.0;0.0;0.0;0.0
TestProject;24.11.1987;TestProject_00__TESTSIMULATION;0.0;0.0;0.0;0.0;0.0
TestProject;25.11.1987;TestProject_00__TESTSIMULATION;0.0;0.0;0.0;0.0;0.0
TestProject;26.11.1987;TestProject_00__TESTSIMULATION;0.0;0.0;0.0;0.0;0.0
TestProject;27.11.1987;TestProject_00__TESTSIMULATION;0.0;0.0;0.0;0.0;0.0
TestProject;28.11.1987;TestProject_00__TESTSIMULATION;0.0;0.0;0.0;0.0;0.0
TestProject;29.11.1987;TestProject_00__TESTSIMULATION;0.0;0.0;0.0;0.0;0.0
TestProject;30.11.1987;TestProject_00__TESTSIMULATION;0.0;0.0;0.0;0.0;0.0
TestProject;01.12.1987;TestProject_00__TESTSIMULATION;0.0;0.0;0.0;0.0;0.0
TestProject;02.12.1987;TestProject_00__TESTSIMULATION;0.0;0.0;0.0;0.0;0.0
TestProject;03.12.1987;TestProject_00__TESTSIMULATION;0.0;0.0;0.0;0.0;0.0
TestProject;04.12.1987;TestProject_00__TESTSIMULATION;0.0;0.0;0.0;0.0;0.0
TestProject;05.12.1987;TestProject_00__TESTSIMULATION;0.0;0.0;0.0;0.0;0.0
TestProject;06.12.1987;TestProject_00__TESTSIMULATION;0.0;0.0;0.0;0.0;0.0
TestProject;07.12.1987;TestProject_00__TESTSIMULATION;0.0;0.0;0.0;0.0;0.0
TestProject;08.12.1987;TestProject_00__TESTSIMULATION;0.0;0.0;0.0;0.0;0.0
TestProject;09.12.1987;TestProject_00__TESTSIMULATION;0.0;0.0;0.0;0.0;0.0
TestProject;10.12.1987;TestProject_00__TESTSIMULATION;0.0;0.0;0.0;0.0;0.0
TestProject;11.12.1987;TestProject_00__TESTSIMULATION;0.0;0.0;0.0;0.0;0.0
TestProject;12.12.1987;TestProject_00__TESTSIMULATION;0.0;0.0;0.0;0.0;0.0
TestProject;13.12.1987;TestProject_00__TESTSIMULATION;0.0;0.0;0.0;0.0;0.0
TestProject;14.12.1987;TestProject_00__TESTSIMULATION;0.0;0.0;0.0;0.0;0.0
TestProject;15.12.1987;TestProject_00__TESTSIMULATION;0.0;0.0;0.0;0.0;0.0
TestProject;16.12.1987;TestProject_00__TESTSIMULATION;0.0;0.0;0.0;0.0;0.0
TestProject;17.12.1987;TestProject_00__TESTSIMULATION;0.0;0.0;0.0;0.0;0.0
TestProject;18.12.1987;TestProject_00__TESTSIMULATION;0.0;0.0;0.0;0.0;0.0
TestProject;19.12.1987;TestProject_00__TESTSIMULATION;0.0;0.0;0.0;0.0;0.0
TestProject;20.12.1987;TestProject_00__TESTSIMULATION;0.0;0.0;0.0;0.0;0.0
TestProject;21.12.1987;TestProject_00__TESTSIMULATION;0.0;0.0;0.0;0.0;0.0
TestProject;22.12.1987;TestProject_00__TESTSIMULATION;0.0;0.0;0.0;0.0;0.0
TestProject;23.12.1987;TestProject_00__TESTSIMULATION;0.0;0.0;0.0;0.0;0.0
TestProject;24.12.1987;TestProject_00__TESTSIMULATION;0.0;0.0;0.0;0.0;0.0
TestProject;25.12.1987;TestProject_00__TESTSIMULATION;0.0;0.0;0.0;0.0;0.0
TestProject;26.12.1987;TestProject_00__TESTSIMULATION;0.0;0.0;0.0;0.0;0.0
TestProject;27.12.1987;TestProject_00__TESTSIMULATION;0.0;0.0;0.0;0.0;0.0
TestProject;28.12.1987;TestProject_00__TESTSIMULATION;0.0;0.0;0.0;0.0;0.0
TestProject;29.12.1987;TestProject_00__TESTSIMULATION;0.0;0.0;0.0;0.0;0.0
TestProject;30.12.1987;TestProject_00__TESTSIMULATION;0.0;0.0;0.0;0.0;0.0
TestProject;31.12.1987;TestProject_00__TESTSIMULATION;0.0;0.0;0.0;0.0;0.0
TestProject;01.01.1988;TestProject_00__TESTSIMULATION;0.0;0.0;0.0;0.0;0.0
TestProject;02.01.1988;TestProject_00__TESTSIMULATION;0.0;0.0;0.0;0.0;0.0
TestProject;03.01.1988;TestProject_00__TESTSIMULATION;0.0;0.0;0.0;0.0;0.0
TestProject;04.01.1988;TestProject_00__TESTSIMULATION;0.0;0.0;0.0;0.0;0.0
TestProject;05.01.1988;TestProject_00__TESTSIMULATION;0.0;0.0;0.0;0.0;0.0
TestProject;06.01.1988;TestProject_00__TESTSIMULATION;0.0;0.0;0.0;0.0;0.0
TestProject;07.01.1988;TestProject_00__TESTSIMULATION;0.0;0.0;0.0;0.0;0.0
TestProject;08.01.1988;TestProject_00__TESTSIMULATION;0.0;0.0;0.0;0.0;0.0
TestProject;09.01.1988;TestProject_00__TESTSIMULATION;0.0;0.0;0.0;0.0;0.0
TestProject;10.01.1988;TestProject_00__TESTSIMULATION;0.0;0.0;0.0;0.0;0.0
TestProject;11.01.1988;TestProject_00__TESTSIMULATION;0.0;0.0;0.0;0.0;0.0
TestProject;12.01.1988;TestProject_00__TESTSIMULATION;0.0;0.0;0.0;0.0;0.0
TestProject;13.01.1988;TestProject_00__TESTSIMULATION;0.0;0.0;0.0;0.0;0.0
TestProject;14.01.1988;TestProject_00__TESTSIMULATION;0.0;0.0;0.0;0.0;0.0
TestProject;15.01.1988;TestProject_00__TESTSIMULATION;0.0;0.0;0.0;0.0;0.0
TestProject;16.01.1988;TestProject_00__TESTSIMULATION;0.0;0.0;0.0;0.0;0.0
TestProject;17.01.1988;TestProject_00__TESTSIMULATION;0.0;0.0;0.0;0.0;0.0
TestProject;18.01.1988;TestProject_00__TESTSIMULATION;0.0;0.0;0.0;0.0;0.0
TestProject;19.01.1988;TestProject_00__TESTSIMULATION;0.0;0.0;0.0;0.0;0.0
TestProject;20.01.1988;TestProject_00__TESTSIMULATION;0.0;0.0;0.0;0.0;0.0
TestProject;21.01.1988;TestProject_00__TESTSIMULATION;0.0;0.0;0.0;0.0;0.0
TestProject;22.01.1988;TestProject_00__TESTSIMULATION;0.0;0.0;0.0;0.0;0.0
TestProject;23.01.1988;TestProject_00__TESTSIMULATION;0.0;0.0;0.0;0.0;0.0
TestProject;24.01.1988;TestProject_00__TESTSIMULATION;0.0;0.0;0.0;0.0;0.0
TestProject;25.01.1988;TestProject_00__TESTSIMULATION;0.0;0.0;0.0;0.0;0.0
TestProject;26.01.1988;TestProject_00__TESTSIMULATION;0.0;0.0;0.0;0.0;0.0
TestProject;27.01.1988;TestProject_00__TESTSIMULATION;0.0;0.0;0.0;0.0;0.0
TestProject;28.01.1988;TestProject_00__TESTSIMULATION;0.0;0.0;0.0;0.0;0.0
TestProject;29.01.1988;TestProject_00__TESTSIMULATION;0.0;0.0;0.0;0.0;0.0
TestProject;30.01.1988;TestProject_00__TESTSIMULATION;0.0;0.0;0.0;0.0;0.0
TestProject;31.01.1988;TestProject_00__TESTSIMULATION;0.0;0.0;0.0;0.0;0.0
TestProject;01.02.1988;TestProject_00__TESTSIMULATION;0.0;0.0;0.0;0.0;0.0
TestProject;02.02.1988;TestProject_00__TESTSIMULATION;0.0;0.0;0.0;0.0;0.0
TestProject;03.02.1988;TestProject_00__TESTSIMULATION;0.0;0.0;0.0;0.0;0.0
TestProject;04.02.1988;TestProject_00__TESTSIMULATION;0.0;0.0;0.0;0.0;0.0
TestProject;05.02.1988;TestProject_00__TESTSIMULATION;0.0;0.0;0.0;0.0;0.0
TestProject;06.02.1988;TestProject_00__TESTSIMULATION;0.0;0.0;0.0;0.0;0.0
TestProject;07.02.1988;TestProject_00__TESTSIMULATION;0.0;0.0;0.0;0.0;0.0
TestProject;08.02.1988;TestProject_00__TESTSIMULATION;0.0;0.0;0.0;0.0;0.0
TestProject;09.02.1988;TestProject_00__TESTSIMULATION;0.0;0.0;0.0;0.0;0.0
TestProject;10.02.1988;TestProject_00__TESTSIMULATION;0.0;0.0;0.0;0.0;0.0
TestProject;11.02.1988;TestProject_00__TESTSIMULATION;0.0;0.0;0.0;0.0;0.0
TestProject;12.02.1988;TestProject_00__TESTSIMULATION;0.0;0.0;0.0;0.0;0.0
TestProject;13.02.1988;TestProject_00__TESTSIMULATION;0.0;0.0;0.0;0.0;0.0
TestProject;14.02.1988;TestProject_00__TESTSIMULATION;0.0;0.0;0.0;0.0;0.0
TestProject;15.02.1988;TestProject_00__TESTSIMULATION;0.0;0.0;0.0;0.0;0.0
TestProject;16.02.1988;TestProject_00__TESTSIMULATION;0.0;0.0;0.0;0.0;0.0
TestProject;17.02.1988;TestProject_00__TESTSIMULATION;0.0;0.0;0.0;0.0;0.0
TestProject;18.02.1988;TestProject_00__TESTSIMULATION;0.0;0.0;0.0;0.0;0.0
TestProject;19.02.1988;TestProject_00__TESTSIMULATION;0.0;0.0;0.0;0.04835999999999999;0.2187829472545176
TestProject;20.02.1988;TestProject_00__TESTSIMULATION;0.0;0.0;0.0;0.04835999999999999;0.19161382308565594
TestProject;21.02.1988;TestProject_00__TESTSIMULATION;0.0;0.0;0.0;0.04835999999999999;0.08150737250658499
TestProject;22.02.1988;TestProject_00__TESTSIMULATION;0.0;0.0;0.0;0.04835999999999999;0.24166220971250635
TestProject;23.02.1988;TestProject_00__TESTSIMULATION;0.0012949640287769776;0.8999999999999995;0.0;0.04835999999999999;0.08293732641020929
TestProject;24.02.1988;TestProject_00__TESTSIMULATION;0.0012949640287769776;0.8999999999999995;0.0;0.04835999999999999;0.08865714202470648
TestProject;25.02.1988;TestProject_00__TESTSIMULATION;0.00906474820143885;6.3;0.0;0.05039202990398044;0.22634856414873916
TestProject;26.02.1988;TestProject_00__TESTSIMULATION;0.019568345323741007;13.600000000000001;0.0;0.05552609140824404;0.239197643272237
TestProject;27.02.1988;TestProject_00__TESTSIMULATION;0.028489208633093524;19.800000000000004;0.0;0.059236210914379084;0.2950531806409161
TestProject;28.02.1988;TestProject_00__TESTSIMULATION;0.04086330935251799;28.400000000000006;0.0;0.06781429583520464;0.35486000894311964
TestProject;29.02.1988;TestProject_00__TESTSIMULATION;0.05697841726618705;39.60000000000001;0.0;0.08380167754685759;0.426629204729363
TestProject;01.03.1988;TestProject_00__TESTSIMULATION;0.07438848920863309;51.70000000000001;0.0;0.10633484451404626;0.5191891435481751
TestProject;02.03.1988;TestProject_00__TESTSIMULATION;0.08906474820143884;61.900000000000006;0.0;0.12759651080476764;0.6154010620770947
TestProject;03.03.1988;TestProject_00__TESTSIMULATION;0.10417266187050359;72.4;0.0;0.15446584836875804;0.7302439947474046
TestProject;04.03.1988;TestProject_00__TESTSIMULATION;0.11971223021582733;83.2;0.0;0.18864992064180447;0.89895943090667
TestProject;05.03.1988;TestProject_00__TESTSIMULATION;0.13510791366906474;93.9;0.0;0.22972272214081227;1.0879913634283225
TestProject;06.03.1988;TestProject_00__TESTSIMULATION;0.15093525179856115;104.9;0.0;0.28221608199994996;1.27730942782414
TestProject;07.03.1988;TestProject_00__TESTSIMULATION;0.16460431654676258;114.4;0.0;0.33174713121564964;1.0378156171020867
TestProject;08.03.1988;TestProject_00__TESTSIMULATION;0.17928057553956833;124.60000000000001;0.0;0.39808001418591227;1.370402011707153
TestProject;09.03.1988;TestProject_00__TESTSIMULATION;0.19438848920863308;135.10000000000002;0.0;0.48190790423695984;1.6697897345378672
TestProject;10.03.1988;TestProject_00__TESTSIMULATION;0.21007194244604316;146.00000000000003;0.0;0.590289459402129;2.550011171513581
TestProject;11.03.1988;TestProject_00__TESTSIMULATION;0.22446043165467625;156.00000000000003;0.0;0.6947213732438382;2.3008650637245482
TestProject;12.03.1988;TestProject_00__TESTSIMULATION;0.23553956834532372;163.70000000000002;0.0;0.7643977635003008;2.207138258318837
TestProject;13.03.1988;TestProject_00__TESTSIMULATION;0.24820143884892085;172.50000000000003;0.0;0.8421472324224318;3.312181256528679
TestProject;14.03.1988;TestProject_00__TESTSIMULATION;0.259568345323741;180.40000000000003;0.0;0.8996292632312816;3.2952646333328866
TestProject;15.03.1988;TestProject_00__TESTSIMULATION;0.2697841726618705;187.50000000000003;0.0;0.9299238063939675;3.805828755463088
TestProject;16.03.1988;TestProject_00__TESTSIMULATION;0.28028776978417264;194.80000000000004;0.0;1.0148893344183842;4.355462701729389
TestProject;17.03.1988;TestProject_00__TESTSIMULATION;0.2892086330935252;201.00000000000003;0.0;1.0148893344183842;4.1046245356612046
TestProject;18.03.1988;TestProject_00__TESTSIMULATION;0.298273381294964;207.30000000000004;0.0;1.0148893344183842;3.397716976741775
TestProject;19.03.1988;TestProject_00__TESTSIMULATION;0.3093525179856115;215.00000000000003;0.0;1.1008048875903005;4.42309361767594
TestProject;20.03.1988;TestProject_00__TESTSIMULATION;0.3210071942446043;223.10000000000002;0.0;1.2515550669854973;4.726262109266493
TestProject;21.03.1988;TestProject_00__TESTSIMULATION;0.32776978417266184;227.8;0.0;1.2515550669854973;5.095913894348789
TestProject;22.03.1988;TestProject_00__TESTSIMULATION;0.3362589928057554;233.70000000000002;0.0;1.2515550669854973;4.937491700742091
TestProject;23.03.1988;TestProject_00__TESTSIMULATION;0.3450359712230216;239.8;0.0;1.2515550669854973;3.3004623668062103
TestProject;24.03.1988;TestProject_00__TESTSIMULATION;0.3549640287769784;246.70000000000002;0.0;1.2796495148428642;2.1438496247786407
TestProject;25.03.1988;TestProject_00__TESTSIMULATION;0.3643165467625899;253.20000000000002;0.0;1.3248515787323016;4.496704099595285
TestProject;26.03.1988;TestProject_00__TESTSIMULATION;0.3807194244604316;264.6;0.0;1.4886548199984206;4.223171350353713
TestProject;27.03.1988;TestProject_00__TESTSIMULATION;0.39582733812949633;275.1;0.0;1.6386112128794654;4.600185140766408
TestProject;28.03.1988;TestProject_00__TESTSIMULATION;0.41021582733812945;285.1;0.0;1.7908384149298961;6.782885721015707
TestProject;29.03.1988;TestProject_00__TESTSIMULATION;0.41625899280575535;289.3;0.0;1.8319853526059078;7.202083519266872
TestProject;30.03.1988;TestProject_00__TESTSIMULATION;0.41856115107913666;290.90000000000003;0.0;1.8319853526059078;6.4351949963819735
TestProject;31.03.1988;TestProject_00__TESTSIMULATION;0.4277697841726618;297.3;0.0;1.8319853526059078;7.035368622987546
TestProject;01.04.1988;TestProject_00__TESTSIMULATION;0.43007194244604313;298.90000000000003;0.0;1.8319853526059078;4.734703054332851
TestProject;02.04.1988;TestProject_00__TESTSIMULATION;0.4364028776978417;303.3;0.0;1.88118143924593;2.8076799859113533
TestProject;03.04.1988;TestProject_00__TESTSIMULATION;0.4410071942446043;306.5;0.0;1.8905429767553912;3.1204610522657954
TestProject;04.04.1988;TestProject_00__TESTSIMULATION;0.4461870503597122;310.1;0.0;1.8928700267278167;3.1225253874276255
TestProject;05.04.1988;TestProject_00__TESTSIMULATION;0.458273381294964;318.5;0.0;1.968672922787272;4.851636487398655
TestProject;06.04.1988;TestProject_00__TESTSIMULATION;0.4738129496402877;329.3;0.0;2.1100912798886715;5.672660126597629
TestProject;07.04.1988;TestProject_00__TESTSIMULATION;0.49079136690647474;341.1;0.0;2.2790435130826348;5.626548063430605
TestProject;08.04.1988;TestProject_00__TESTSIMULATION;0.5086330935251797;353.5;0.0;2.440326943152619;8.571408468057037
TestProject;09.04.1988;TestProject_00__TESTSIMULATION;0.5240287769784171;364.2;0.0;2.664338011092587;7.738865604849684
TestProject;10.04.1988;TestProject_00__TESTSIMULATION;0.5341007194244602;371.2;0.0;2.7533474813234933;8.083354343605475
TestProject;11.04.1988;TestProject_00__TESTSIMULATION;0.545323741007194;379.0;0.0;2.8533877843251982;9.506217104990364
TestProject;12.04.1988;TestProject_00__TESTSIMULATION;0.5597122302158272;389.0;0.0;3.0921602986276704;10.123120662807246
TestProject;13.04.1988;TestProject_00__TESTSIMULATION;0.5761151079136689;400.4;0.0;3.3370967596245364;10.725627586037485
TestProject;14.04.1988;TestProject_00__TESTSIMULATION;0.5928057553956834;412.0;0.0;3.5854309265624793;9.80865210542712
TestProject;15.04.1988;TestProject_00__TESTSIMULATION;0.6096402877697841;423.7;0.0;3.8022274657946884;10.415087871544493
TestProject;16.04.1988;TestProject_00__TESTSIMULATION;0.6256115107913668;434.8;0.0;4.021503392077641;11.517128930464322
TestProject;17.04.1988;TestProject_00__TESTSIMULATION;0.6411510791366906;445.6;0.0;4.251996948383178;11.801751462500594
TestProject;18.04.1988;TestProject_00__TESTSIMULATION;0.6582733812949639;457.5;0.0;4.469640543727478;10.666351417899119
TestProject;19.04.1988;TestProject_00__TESTSIMULATION;0.6762589928057553;470.0;0.0;4.646876549856788;11.590025095650782
TestProject;20.04.1988;TestProject_00__TESTSIMULATION;0.6958273381294963;483.6;0.0;4.821662090313379;4.817409581595742
TestProject;21.04.1988;TestProject_00__TESTSIMULATION;0.7148201438848919;496.8;0.0;4.868472636956267;10.833128074114335
TestProject;22.04.1988;TestProject_00__TESTSIMULATION;0.7371223021582732;512.3;0.0;4.997345974235493;5.320748085948977
TestProject;23.04.1988;TestProject_00__TESTSIMULATION;0.7564028776978415;525.6999999999999;0.0;5.032363569591189;11.176251941312639
TestProject;24.04.1988;TestProject_00__TESTSIMULATION;0.7715107913669063;536.1999999999999;0.0;5.130772637863641;12.401610994263171
TestProject;25.04.1988;TestProject_00__TESTSIMULATION;0.7864748201438847;546.5999999999999;0.0;5.2041247138931785;10.419876558859993
TestProject;26.04.1988;TestProject_00__TESTSIMULATION;0.806618705035971;560.5999999999999;0.0;5.272910051374653;11.684341254948151
TestProject;27.04.1988;TestProject_00__TESTSIMULATION;0.8256115107913666;573.8;0.0;5.343949321733957;11.561934144824514
TestProject;28.04.1988;TestProject_00__TESTSIMULATION;0.8438848920863307;586.5;0.0;5.401960795436801;12.443423884462764
TestProject;29.04.1988;TestProject_00__TESTSIMULATION;0.8624460431654674;599.4;0.0;5.456887277018912;9.862040629724573
TestProject;30.04.1988;TestProject_00__TESTSIMULATION;0.8802877697841724;611.8;0.0;5.478698695119688;13.091936797275133
TestProject;01.05.1988;TestProject_00__TESTSIMULATION;0.9021582733812947;627.0;0.0;5.51697666557262;13.055297868466374
TestProject;02.05.1988;TestProject_00__TESTSIMULATION;0.9228776978417264;641.4;0.0;5.553941755649461;10.896493356882413
TestProject;03.05.1988;TestProject_00__TESTSIMULATION;0.946187050359712;657.6;0.0;5.573554101742403;13.69887038382509
TestProject;04.05.1988;TestProject_00__TESTSIMULATION;0.9680575539568342;672.8000000000001;0.0;5.615363896288422;13.276772727175608
TestProject;05.05.1988;TestProject_00__TESTSIMULATION;0.9833093525179853;683.4000000000001;3.5341264615570416;5.6487773931693335;13.817612187714154
TestProject;06.05.1988;TestProject_00__TESTSIMULATION;0.9994244604316544;694.6000000000001;9.012516583154056;5.661165316337304;14.256116740743733
TestProject;07.05.1988;TestProject_00__TESTSIMULATION;1.0182733812949638;707.7000000000002;19.59842366420795;5.693590366315903;13.5886193279952
TestProject;08.05.1988;TestProject_00__TESTSIMULATION;1.0331571022251964;720.5000000000001;33.54159745278703;5.587485158355541;12.834539043348387
TestProject;09.05.1988;TestProject_00__TESTSIMULATION;1.0495524510624057;734.6000000000001;49.581972494652376;5.466779163573093;11.837203680218575
TestProject;10.05.1988;TestProject_00__TESTSIMULATION;1.0662966371089173;749.0000000000001;67.29268256153085;5.338229911318908;12.615549513599714
TestProject;11.05.1988;TestProject_00__TESTSIMULATION;1.0835059394344988;763.8000000000001;89.3426638325296;5.212725369978708;13.625546439750323
TestProject;12.05.1988;TestProject_00__TESTSIMULATION;1.1000175673414756;778.0000000000001;116.6820910298557;5.097976260979377;13.819302388322203
TestProject;13.05.1988;TestProject_00__TESTSIMULATION;1.114319892922871;790.3000000000001;147.84145341898446;4.997362077366886;13.586917180658508
TestProject;14.05.1988;TestProject_00__TESTSIMULATION;1.1292036138531036;803.1;182.85764357444373;4.88510642000876;13.158570360906914
TestProject;15.05.1988;TestProject_00__TESTSIMULATION;1.1425757068763593;814.6;221.1850580370711;4.7726726329405915;7.213469892781265
TestProject;16.05.1988;TestProject_00__TESTSIMULATION;1.1560640789693826;826.2;244.37052845305348;4.635359016677648;7.31668742252411
TestProject;17.05.1988;TestProject_00__TESTSIMULATION;1.1678082650158943;836.3000000000001;268.8383740709331;4.506031657115288;9.983498725407989
TestProject;18.05.1988;TestProject_00__TESTSIMULATION;1.1821105905972897;848.6;306.60622462321226;4.368412765304345;13.120918182959173
TestProject;19.05.1988;TestProject_00__TESTSIMULATION;1.1980408231554294;862.3000000000001;360.47357141339035;4.222684817482219;13.118950439521848
TestProject;20.05.1988;TestProject_00__TESTSIMULATION;1.214785009201941;876.7;419.0442113474216;4.06699156757471;12.779985932922074
TestProject;21.05.1988;TestProject_00__TESTSIMULATION;1.2338547766438015;893.1;476.66597228864464;3.9048541704140645;9.355908458535275
TestProject;22.05.1988;TestProject_00__TESTSIMULATION;1.2467617533879876;904.2;518.8494240870476;3.776774953624483;9.142060923514997
TestProject;23.05.1988;TestProject_00__TESTSIMULATION;1.2624594278065921;917.7;560.0686908225339;3.6408110552940016;10.427707982921659
TestProject;24.05.1988;TestProject_00__TESTSIMULATION;1.277459427806592;930.6;606.8763372302217;3.5126545061476526;7.950151927866371
TestProject;25.05.1988;TestProject_00__TESTSIMULATION;1.2919943115275223;943.1;642.3716145717175;3.3908824832678675;11.86537192590405
TestProject;26.05.1988;TestProject_00__TESTSIMULATION;1.3081571022251968;957.0;695.0708144642608;3.2670022432124814;9.79453728742406
TestProject;27.05.1988;TestProject_00__TESTSIMULATION;1.3243198929228712;970.9;738.3187667761276;3.147647761260452;12.17905775965663
TestProject;28.05.1988;TestProject_00__TESTSIMULATION;1.34164547431822;985.8;791.7800428215334;3.028456832700723;12.353117383697287
TestProject;29.05.1988;TestProject_00__TESTSIMULATION;1.3590873347833363;1000.8;845.6622664378679;2.913375473058095;10.942943963660376
TestProject;30.05.1988;TestProject_00__TESTSIMULATION;1.3794361719926387;1018.3;893.0875721184825;2.7929559535050275;11.095220420887866
TestProject;31.05.1988;TestProject_00__TESTSIMULATION;1.3994361719926387;1035.5;940.8108821545109;2.6786309564748882;12.03319170273892
TestProject;01.06.1988;TestProject_00__TESTSIMULATION;1.4200175673414759;1053.2;992.1828297296264;2.567199908685533;11.8638809149074
TestProject;02.06.1988;TestProject_00__TESTSIMULATION;1.4386222185042665;1069.2;1042.4405178528673;2.4662233789439023;11.777601812066038
TestProject;03.06.1988;TestProject_00__TESTSIMULATION;1.457691985946127;1085.6000000000001;1091.981440278735;2.3679032735700054;11.756211525652029
TestProject;04.06.1988;TestProject_00__TESTSIMULATION;1.4799012882717084;1104.7;1141.072988675141;2.2649784112788294;11.480572187108912
TestProject;05.06.1988;TestProject_00__TESTSIMULATION;1.5017617533879875;1123.5;1188.604769201969;2.167433341033088;11.05942186910123
TestProject;06.06.1988;TestProject_00__TESTSIMULATION;1.520366404550778;1139.5;1233.96628784107;2.082180962952453;10.057488247855215
TestProject;07.06.1988;TestProject_00__TESTSIMULATION;1.542459427806592;1158.5;1274.5433303502034;1.9919531212245134;10.634558035529171
TestProject;08.06.1988;TestProject_00__TESTSIMULATION;1.5597850092019407;1173.4;1316.6011040353953;1.9165244963674786;10.523377782800566
TestProject;09.06.1988;TestProject_00__TESTSIMULATION;1.5742036138531035;1185.8000000000002;1357.5615383635738;1.8503405170929217;10.35935422878363
TestProject;10.06.1988;TestProject_00__TESTSIMULATION;1.589901288271708;1199.3000000000002;1397.3447709518584;1.7837282584775764;9.921798533537734
TestProject;11.06.1988;TestProject_00__TESTSIMULATION;1.606994311527522;1214.0000000000002;1434.885862539379;1.7166600759588195;9.484126508146002
TestProject;12.06.1988;TestProject_00__TESTSIMULATION;1.6235059394344988;1228.2000000000003;1470.1861958552329;1.6532580971534072;8.084564383120654
TestProject;13.06.1988;TestProject_00__TESTSIMULATION;1.6426919859461266;1244.7000000000003;1499.795801813519;1.5871277732672708;8.44440374769713
TestProject;14.06.1988;TestProject_00__TESTSIMULATION;1.6604826836205453;1260.0000000000002;1530.138927400124;1.5261820667738077;9.176440235236871
TestProject;15.06.1988;TestProject_00__TESTSIMULATION;1.674901288271708;1272.4000000000003;1562.523604892719;1.4734779127345523;9.097085506705868
TestProject;16.06.1988;TestProject_00__TESTSIMULATION;1.6925757068763592;1287.6000000000004;1594.1551103569714;1.4170928246072434;8.876762298529497
TestProject;17.06.1988;TestProject_00__TESTSIMULATION;1.7115291952484522;1303.9000000000003;1624.4546212399987;1.3607870030428488;8.398078306627024
TestProject;18.06.1988;TestProject_00__TESTSIMULATION;1.7316454743182197;1321.2000000000003;1652.546078778439;1.3049040167845558;7.058230721298557
TestProject;19.06.1988;TestProject_00__TESTSIMULATION;1.7514129161786849;1338.2000000000003;1675.6436232832557;1.2518379201019838;8.265611091281498
TestProject;20.06.1988;TestProject_00__TESTSIMULATION;1.7746687301321733;1358.2000000000003;1702.0607594205708;1.1959224930040953;7.604023354013354
TestProject;21.06.1988;TestProject_00__TESTSIMULATION;1.7994361719926384;1379.5000000000002;1724.6176000929204;1.1404316893287052;6.268531766161981
TestProject;22.06.1988;TestProject_00__TESTSIMULATION;1.8237384975740338;1400.4000000000003;1742.3091586876628;1.088123889178162;7.21576166694566
TestProject;23.06.1988;TestProject_00__TESTSIMULATION;1.8480408231554293;1421.3000000000004;1761.3729018693055;1.0382152734611902;7.116704910487995
TestProject;24.06.1988;TestProject_00__TESTSIMULATION;1.8718780324577549;1441.8000000000004;1778.9719787052327;0.9911495143976163;5.199888644739274
TestProject;25.06.1988;TestProject_00__TESTSIMULATION;1.8965291952484524;1463.0000000000005;1790.941004223201;0.9452923301981533;6.060248865575448
TestProject;26.06.1988;TestProject_00__TESTSIMULATION;1.922459427806592;1485.3000000000004;1803.6995364015252;0.9001703763033614;6.217938615507898
TestProject;27.06.1988;TestProject_00__TESTSIMULATION;1.949552451062406;1508.6000000000004;1815.4676620585108;0.8560020165060764;5.884363574908433
TestProject;28.06.1988;TestProject_00__TESTSIMULATION;1.9765291952484525;1531.8000000000004;1825.5340832997326;0.814114984498379;4.173497468063232
TestProject;29.06.1988;TestProject_00__TESTSIMULATION;2.0017617533879872;1553.5000000000005;1832.0375827835328;0.7759058545592551;4.094268216269167
TestProject;30.06.1988;TestProject_00__TESTSIMULATION;0.0;0.0;0.0;0.0;0.0
TestProject;01.07.1988;TestProject_00__TESTSIMULATION;0.0;0.0;0.0;0.0;0.0
TestProject;02.07.1988;TestProject_00__TESTSIMULATION;0.0;0.0;0.0;0.0;0.0
TestProject;03.07.1988;TestProject_00__TESTSIMULATION;0.0;0.0;0.0;0.0;0.0
TestProject;04.07.1988;TestProject_00__TESTSIMULATION;0.0;0.0;0.0;0.0;0.0
TestProject;05.07.1988;TestProject_00__TESTSIMULATION;0.0;0.0;0.0;0.0;0.0
TestProject;06.07.1988;TestProject_00__TESTSIMULATION;0.0;0.0;0.0;0.0;0.0
TestProject;07.07.1988;TestProject_00__TESTSIMULATION;0.0;0.0;0.0;0.0;0.0
TestProject;08.07.1988;TestProject_00__TESTSIMULATION;0.0;0.0;0.0;0.0;0.0
TestProject;09.07.1988;TestProject_00__TESTSIMULATION;0.0;0.0;0.0;0.0;0.0
TestProject;10.07.1988;TestProject_00__TESTSIMULATION;0.0;0.0;0.0;0.0;0.0
TestProject;11.07.1988;TestProject_00__TESTSIMULATION;0.0;0.0;0.0;0.0;0.0
TestProject;12.07.1988;TestProject_00__TESTSIMULATION;0.0;0.0;0.0;0.0;0.0
TestProject;13.07.1988;TestProject_00__TESTSIMULATION;0.0;0.0;0.0;0.0;0.0
TestProject;14.07.1988;TestProject_00__TESTSIMULATION;0.0;0.0;0.0;0.0;0.0
TestProject;15.07.1988;TestProject_00__TESTSIMULATION;0.0;0.0;0.0;0.0;0.0
TestProject;16.07.1988;TestProject_00__TESTSIMULATION;0.0;0.0;0.0;0.0;0.0
TestProject;17.07.1988;TestProject_00__TESTSIMULATION;0.0;0.0;0.0;0.0;0.0
TestProject;18.07.1988;TestProject_00__TESTSIMULATION;0.0;0.0;0.0;0.0;0.0
TestProject;19.07.1988;TestProject_00__TESTSIMULATION;0.0;0.0;0.0;0.0;0.0
TestProject;20.07.1988;TestProject_00__TESTSIMULATION;0.0;0.0;0.0;0.0;0.0
TestProject;21.07.1988;TestProject_00__TESTSIMULATION;0.0;0.0;0.0;0.0;0.0
TestProject;22.07.1988;TestProject_00__TESTSIMULATION;0.0;0.0;0.0;0.0;0.0
TestProject;23.07.1988;TestProject_00__TESTSIMULATION;0.0;0.0;0.0;0.0;0.0
TestProject;24.07.1988;TestProject_00__TESTSIMULATION;0.0;0.0;0.0;0.0;0.0
TestProject;25.07.1988;TestProject_00__TESTSIMULATION;0.0;0.0;0.0;0.0;0.0
TestProject;26.07.1988;TestProject_00__TESTSIMULATION;0.0;0.0;0.0;0.0;0.0
TestProject;27.07.1988;TestProject_00__TESTSIMULATION;0.0;0.0;0.0;0.0;0.0
TestProject;28.07.1988;TestProject_00__TESTSIMULATION;0.0;0.0;0.0;0.0;0.0
TestProject;29.07.1988;TestProject_00__TESTSIMULATION;0.0;0.0;0.0;0.0;0.0
TestProject;30.07.1988;TestProject_00__TESTSIMULATION;0.0;0.0;0.0;0.0;0.0
TestProject;31.07.1988;TestProject_00__TESTSIMULATION;0.0;0.0;0.0;0.0;0.0
